{
    "PAYMENT_RATE": 0.05369533613683358,
    "EXT_SOURCE_1": 0.5043106959340373,
    "EXT_SOURCE_3": 0.5156949091808121,
    "EXT_SOURCE_2": 0.514503354322039,
    "DAYS_BIRTH": -16036.995066843137,
    "DAYS_ID_PUBLISH": -2994.2023732484367,
    "DAYS_REGISTRATION": -4986.120327538419,
    "DAYS_EMPLOYED": 63815.04590404896,
    "DAYS_LAST_PHONE_CHANGE": -962.8581188965597,
    "ORGANIZATION_TYPE_TARGET_ENC": 0.08072556731878854,
    "ANNUITY_INCOME_RATIO": 0.1809289211110611,
    "AMT_CREDIT": 599025.9997057016
}